pr	head_sha	event	workflow	run_id	attempt	run_attempt	job_id	job	labels	runner_id	conclusion	started_at	completed_at	api_elapsed_seconds	runner_elapsed_seconds	url
280	49f7766d943626a7db8d79231fc5c20267b7dba1	pull_request	Arnes tests	33485406679	1	1	99784198250	arnes	ubuntu-latest	1000008464	success	2026-09-01T08:07:07Z	2026-09-01T08:08:07Z	60	60	https://github.com/SebastienElet/dotfiles/actions/runs/33485406679/job/99784198250
280	49f7766d943626a7db8d79231fc5c20267b7dba1	pull_request	Lint	33485406724	1	1	99784198466	Lua	macos-latest	1000008465	success	2026-09-01T08:07:07Z	2026-09-01T08:07:20Z	13	13	https://github.com/SebastienElet/dotfiles/actions/runs/33485406724/job/99784198466
280	49f7766d943626a7db8d79231fc5c20267b7dba1	pull_request	Lint	33485406724	1	1	99784198673	Shell scripts	macos-latest	1000008472	success	2026-09-01T08:07:23Z	2026-09-01T08:07:42Z	19	19	https://github.com/SebastienElet/dotfiles/actions/runs/33485406724/job/99784198673
280	49f7766d943626a7db8d79231fc5c20267b7dba1	pull_request	Lint	33485406724	1	1	99784198682	Fish shell (macos-latest)	macos-latest	1000008466	success	2026-09-01T08:07:07Z	2026-09-01T08:07:23Z	16	16	https://github.com/SebastienElet/dotfiles/actions/runs/33485406724/job/99784198682
280	49f7766d943626a7db8d79231fc5c20267b7dba1	pull_request	Lint	33485406724	1	1	99784198687	Fish shell (ubuntu-latest)	ubuntu-latest	1000008469	success	2026-09-01T08:07:07Z	2026-09-01T08:07:24Z	17	17	https://github.com/SebastienElet/dotfiles/actions/runs/33485406724/job/99784198687
280	49f7766d943626a7db8d79231fc5c20267b7dba1	pull_request	Lint	33485406724	1	1	99784198742	Text configuration	ubuntu-latest	1000008470	success	2026-09-01T08:07:07Z	2026-09-01T08:07:24Z	17	17	https://github.com/SebastienElet/dotfiles/actions/runs/33485406724/job/99784198742
280	49f7766d943626a7db8d79231fc5c20267b7dba1	pull_request	Smoke tests	33485406617	1	1	99784198085	Minimal macOS profile	macos-latest	1000008471	success	2026-09-01T08:07:20Z	2026-09-01T08:10:30Z	190	190	https://github.com/SebastienElet/dotfiles/actions/runs/33485406617/job/99784198085
280	49f7766d943626a7db8d79231fc5c20267b7dba1	pull_request	TypeScript	33485406728	1	1	99784198358	TypeScript lint	ubuntu-latest	1000008463	success	2026-09-01T08:07:06Z	2026-09-01T08:07:14Z	8	8	https://github.com/SebastienElet/dotfiles/actions/runs/33485406728/job/99784198358
280	49f7766d943626a7db8d79231fc5c20267b7dba1	pull_request	TypeScript	33485406728	1	1	99784198603	Bun tests	ubuntu-latest	1000008467	success	2026-09-01T08:07:07Z	2026-09-01T08:07:33Z	26	26	https://github.com/SebastienElet/dotfiles/actions/runs/33485406728/job/99784198603
280	49f7766d943626a7db8d79231fc5c20267b7dba1	pull_request	TypeScript	33485406728	1	1	99784198774	TypeScript types	ubuntu-latest	1000008468	success	2026-09-01T08:07:07Z	2026-09-01T08:07:17Z	10	10	https://github.com/SebastienElet/dotfiles/actions/runs/33485406728/job/99784198774
280	49f7766d943626a7db8d79231fc5c20267b7dba1	push	TypeScript	33485404254	1	1	99784190978	Bun tests	ubuntu-latest	1000008455	success	2026-09-01T08:07:05Z	2026-09-01T08:07:36Z	31	31	https://github.com/SebastienElet/dotfiles/actions/runs/33485404254/job/99784190978
280	49f7766d943626a7db8d79231fc5c20267b7dba1	push	TypeScript	33485404254	1	1	99784191144	TypeScript types	ubuntu-latest	1000008456	success	2026-09-01T08:07:05Z	2026-09-01T08:07:14Z	9	9	https://github.com/SebastienElet/dotfiles/actions/runs/33485404254/job/99784191144
280	49f7766d943626a7db8d79231fc5c20267b7dba1	push	TypeScript	33485404254	1	1	99784191184	TypeScript lint	ubuntu-latest	1000008457	success	2026-09-01T08:07:04Z	2026-09-01T08:07:13Z	9	9	https://github.com/SebastienElet/dotfiles/actions/runs/33485404254/job/99784191184
280	49f7766d943626a7db8d79231fc5c20267b7dba1	push	Lint	33485404527	1	1	99784191851	Lua	macos-latest	1000008458	success	2026-09-01T08:07:06Z	2026-09-01T08:07:25Z	19	19	https://github.com/SebastienElet/dotfiles/actions/runs/33485404527/job/99784191851
280	49f7766d943626a7db8d79231fc5c20267b7dba1	push	Lint	33485404527	1	1	99784192075	Shell scripts	macos-latest	1000008459	success	2026-09-01T08:07:06Z	2026-09-01T08:07:27Z	21	21	https://github.com/SebastienElet/dotfiles/actions/runs/33485404527/job/99784192075
280	49f7766d943626a7db8d79231fc5c20267b7dba1	push	Lint	33485404527	1	1	99784192191	Text configuration	ubuntu-latest	1000008462	success	2026-09-01T08:07:05Z	2026-09-01T08:07:24Z	19	19	https://github.com/SebastienElet/dotfiles/actions/runs/33485404527/job/99784192191
280	49f7766d943626a7db8d79231fc5c20267b7dba1	push	Lint	33485404527	1	1	99784192203	Fish shell (ubuntu-latest)	ubuntu-latest	1000008461	success	2026-09-01T08:07:05Z	2026-09-01T08:07:25Z	20	20	https://github.com/SebastienElet/dotfiles/actions/runs/33485404527/job/99784192203
280	49f7766d943626a7db8d79231fc5c20267b7dba1	push	Lint	33485404527	1	1	99784192262	Fish shell (macos-latest)	macos-latest	1000008460	success	2026-09-01T08:07:06Z	2026-09-01T08:07:16Z	10	10	https://github.com/SebastienElet/dotfiles/actions/runs/33485404527/job/99784192262
283	bd7512fba9f593071002b2c5ac928d7cfb81f403	pull_request	Code search tests	33508003437	1	1	99856595088	code-search	macos-latest	1000008872	success	2026-09-01T12:30:02Z	2026-09-01T12:33:39Z	217	217	https://github.com/SebastienElet/dotfiles/actions/runs/33508003437/job/99856595088
283	bd7512fba9f593071002b2c5ac928d7cfb81f403	pull_request	Agent Memory tests	33508003514	2	2	99857342145	agent-memory (ubuntu-latest)	ubuntu-latest	1000008889	success	2026-09-01T12:32:23Z	2026-09-01T12:33:13Z	50	50	https://github.com/SebastienElet/dotfiles/actions/runs/33508003514/job/99857342145
283	bd7512fba9f593071002b2c5ac928d7cfb81f403	pull_request	Agent Memory tests	33508003514	2	2	99857342414	agent-memory (macos-latest)	macos-latest	1000008890	success	2026-09-01T12:32:26Z	2026-09-01T12:34:27Z	121	121	https://github.com/SebastienElet/dotfiles/actions/runs/33508003514/job/99857342414
283	bd7512fba9f593071002b2c5ac928d7cfb81f403	pull_request	Smoke tests	33508003438	1	1	99856595443	Minimal macOS profile	macos-latest	1000008883	success	2026-09-01T12:30:23Z	2026-09-01T12:35:03Z	280	280	https://github.com/SebastienElet/dotfiles/actions/runs/33508003438/job/99856595443
283	bd7512fba9f593071002b2c5ac928d7cfb81f403	pull_request	Agent Handoff tests	33508003445	1	1	99856595318	agent-handoff (macos-latest)	macos-latest	1000008891	success	2026-09-01T12:35:02Z	2026-09-01T12:35:32Z	30	30	https://github.com/SebastienElet/dotfiles/actions/runs/33508003445/job/99856595318
283	bd7512fba9f593071002b2c5ac928d7cfb81f403	pull_request	Agent Handoff tests	33508003445	1	1	99856595641	agent-handoff (ubuntu-latest)	ubuntu-latest	1000008874	success	2026-09-01T12:30:00Z	2026-09-01T12:30:20Z	20	20	https://github.com/SebastienElet/dotfiles/actions/runs/33508003445/job/99856595641
283	bd7512fba9f593071002b2c5ac928d7cfb81f403	pull_request	Static gates	33508003483	1	1	99856595781	Static gates	ubuntu-latest	1000008876	success	2026-09-01T12:30:00Z	2026-09-01T12:30:16Z	16	16	https://github.com/SebastienElet/dotfiles/actions/runs/33508003483/job/99856595781
283	bd7512fba9f593071002b2c5ac928d7cfb81f403	pull_request	Deployment tests	33508003515	1	1	99856595552	Deployment (macos-latest)	macos-latest	1000008884	success	2026-09-01T12:30:28Z	2026-09-01T12:30:49Z	21	21	https://github.com/SebastienElet/dotfiles/actions/runs/33508003515/job/99856595552
283	bd7512fba9f593071002b2c5ac928d7cfb81f403	pull_request	Deployment tests	33508003515	1	1	99856595927	Deployment (ubuntu-latest)	ubuntu-latest	1000008881	success	2026-09-01T12:30:01Z	2026-09-01T12:30:12Z	11	11	https://github.com/SebastienElet/dotfiles/actions/runs/33508003515/job/99856595927
283	bd7512fba9f593071002b2c5ac928d7cfb81f403	pull_request	Fish tests	33508003472	1	1	99856595881	Fish tests (macos-latest)	macos-latest	1000008885	success	2026-09-01T12:30:36Z	2026-09-01T12:31:06Z	30	30	https://github.com/SebastienElet/dotfiles/actions/runs/33508003472/job/99856595881
283	bd7512fba9f593071002b2c5ac928d7cfb81f403	pull_request	Fish tests	33508003472	1	1	99856596356	Fish tests (ubuntu-latest)	ubuntu-latest	1000008880	success	2026-09-01T12:30:01Z	2026-09-01T12:30:25Z	24	24	https://github.com/SebastienElet/dotfiles/actions/runs/33508003472/job/99856596356
283	bd7512fba9f593071002b2c5ac928d7cfb81f403	pull_request	Lint	33508003636	1	1	99856596474	Lua	macos-latest	1000008886	success	2026-09-01T12:30:53Z	2026-09-01T12:31:07Z	14	14	https://github.com/SebastienElet/dotfiles/actions/runs/33508003636/job/99856596474
283	bd7512fba9f593071002b2c5ac928d7cfb81f403	pull_request	Lint	33508003636	1	1	99856596694	Text configuration	ubuntu-latest	1000008879	success	2026-09-01T12:30:01Z	2026-09-01T12:30:12Z	11	11	https://github.com/SebastienElet/dotfiles/actions/runs/33508003636/job/99856596694
283	bd7512fba9f593071002b2c5ac928d7cfb81f403	pull_request	Lint	33508003636	1	1	99856596728	Fish shell (ubuntu-latest)	ubuntu-latest	1000008878	success	2026-09-01T12:30:01Z	2026-09-01T12:30:15Z	14	14	https://github.com/SebastienElet/dotfiles/actions/runs/33508003636/job/99856596728
283	bd7512fba9f593071002b2c5ac928d7cfb81f403	pull_request	Lint	33508003636	1	1	99856596888	Fish shell (macos-latest)	macos-latest	1000008887	success	2026-09-01T12:31:10Z	2026-09-01T12:31:22Z	12	12	https://github.com/SebastienElet/dotfiles/actions/runs/33508003636/job/99856596888
283	bd7512fba9f593071002b2c5ac928d7cfb81f403	pull_request	Lint	33508003636	1	1	99856596957	Shell scripts	macos-latest	1000008888	success	2026-09-01T12:31:10Z	2026-09-01T12:31:35Z	25	25	https://github.com/SebastienElet/dotfiles/actions/runs/33508003636/job/99856596957
283	bd7512fba9f593071002b2c5ac928d7cfb81f403	pull_request	TypeScript	33508003519	1	1	99856596245	Bun tests	ubuntu-latest	1000008877	success	2026-09-01T12:30:01Z	2026-09-01T12:31:11Z	70	70	https://github.com/SebastienElet/dotfiles/actions/runs/33508003519/job/99856596245
283	bd7512fba9f593071002b2c5ac928d7cfb81f403	pull_request	Arnes tests	33508003495	1	1	99856595772	arnes	ubuntu-latest	1000008875	success	2026-09-01T12:30:00Z	2026-09-01T12:31:13Z	73	73	https://github.com/SebastienElet/dotfiles/actions/runs/33508003495/job/99856595772
283	bd7512fba9f593071002b2c5ac928d7cfb81f403	push	Lint	33507998573	1	1	99856578802	Fish shell (macos-latest)	macos-latest	1000008866	success	2026-09-01T12:30:00Z	2026-09-01T12:30:31Z	31	31	https://github.com/SebastienElet/dotfiles/actions/runs/33507998573/job/99856578802
283	bd7512fba9f593071002b2c5ac928d7cfb81f403	push	Lint	33507998573	1	1	99856579096	Fish shell (ubuntu-latest)	ubuntu-latest	1000008868	success	2026-09-01T12:29:57Z	2026-09-01T12:30:19Z	22	22	https://github.com/SebastienElet/dotfiles/actions/runs/33507998573/job/99856579096
283	bd7512fba9f593071002b2c5ac928d7cfb81f403	push	Lint	33507998573	1	1	99856579171	Text configuration	ubuntu-latest	1000008869	success	2026-09-01T12:29:57Z	2026-09-01T12:30:10Z	13	13	https://github.com/SebastienElet/dotfiles/actions/runs/33507998573/job/99856579171
283	bd7512fba9f593071002b2c5ac928d7cfb81f403	push	Lint	33507998573	1	1	99856579180	Lua	macos-latest	1000008867	success	2026-09-01T12:30:00Z	2026-09-01T12:30:19Z	19	19	https://github.com/SebastienElet/dotfiles/actions/runs/33507998573/job/99856579180
283	bd7512fba9f593071002b2c5ac928d7cfb81f403	push	Lint	33507998573	1	1	99856579343	Shell scripts	macos-latest	1000008871	success	2026-09-01T12:30:00Z	2026-09-01T12:30:24Z	24	24	https://github.com/SebastienElet/dotfiles/actions/runs/33507998573/job/99856579343
283	bd7512fba9f593071002b2c5ac928d7cfb81f403	push	TypeScript	33507998636	1	1	99856578958	Bun tests	ubuntu-latest	1000008870	success	2026-09-01T12:29:58Z	2026-09-01T12:31:06Z	68	68	https://github.com/SebastienElet/dotfiles/actions/runs/33507998636/job/99856578958
291	261b2fb15f27ab6454f70721f2d70c92350671a8	pull_request	Arnes tests	33614741404	1	1	100197862068	arnes	ubuntu-latest	1000009382	success	2026-09-02T09:33:20Z	2026-09-02T09:33:42Z	22	22	https://github.com/SebastienElet/dotfiles/actions/runs/33614741404/job/100197862068
291	261b2fb15f27ab6454f70721f2d70c92350671a8	pull_request	Static gates	33614741566	1	1	100197862707	Static gates	ubuntu-latest	1000009379	success	2026-09-02T09:33:21Z	2026-09-02T09:33:50Z	29	29	https://github.com/SebastienElet/dotfiles/actions/runs/33614741566/job/100197862707
291	261b2fb15f27ab6454f70721f2d70c92350671a8	pull_request	Fish tests	33614741407	1	1	100197861650	Fish tests (macos-latest)	macos-latest	1000009376	success	2026-09-02T09:33:20Z	2026-09-02T09:34:00Z	40	40	https://github.com/SebastienElet/dotfiles/actions/runs/33614741407/job/100197861650
291	261b2fb15f27ab6454f70721f2d70c92350671a8	pull_request	Fish tests	33614741407	1	1	100197861947	Fish tests (ubuntu-latest)	ubuntu-latest	1000009378	success	2026-09-02T09:33:20Z	2026-09-02T09:34:06Z	46	46	https://github.com/SebastienElet/dotfiles/actions/runs/33614741407/job/100197861947
291	261b2fb15f27ab6454f70721f2d70c92350671a8	pull_request	Agent Handoff tests	33614741472	1	1	100197862103	agent-handoff (macos-latest)	macos-latest	1000009375	success	2026-09-02T09:33:21Z	2026-09-02T09:33:58Z	37	37	https://github.com/SebastienElet/dotfiles/actions/runs/33614741472/job/100197862103
291	261b2fb15f27ab6454f70721f2d70c92350671a8	pull_request	Agent Handoff tests	33614741472	1	1	100197862437	agent-handoff (ubuntu-latest)	ubuntu-latest	1000009380	success	2026-09-02T09:33:21Z	2026-09-02T09:34:08Z	47	47	https://github.com/SebastienElet/dotfiles/actions/runs/33614741472/job/100197862437
291	261b2fb15f27ab6454f70721f2d70c92350671a8	pull_request	Lint	33614741398	1	1	100197862438	Lua	macos-latest	1000009386	success	2026-09-02T09:33:57Z	2026-09-02T09:34:09Z	12	12	https://github.com/SebastienElet/dotfiles/actions/runs/33614741398/job/100197862438
291	261b2fb15f27ab6454f70721f2d70c92350671a8	pull_request	Lint	33614741398	1	1	100197862752	Shell scripts	macos-latest	1000009387	success	2026-09-02T09:34:01Z	2026-09-02T09:34:31Z	30	30	https://github.com/SebastienElet/dotfiles/actions/runs/33614741398/job/100197862752
291	261b2fb15f27ab6454f70721f2d70c92350671a8	pull_request	Lint	33614741398	1	1	100197862805	Text configuration	ubuntu-latest	1000009383	success	2026-09-02T09:33:21Z	2026-09-02T09:33:35Z	14	14	https://github.com/SebastienElet/dotfiles/actions/runs/33614741398/job/100197862805
291	261b2fb15f27ab6454f70721f2d70c92350671a8	pull_request	TypeScript	33614741498	1	1	100197863368	Bun tests	ubuntu-latest	1000009381	success	2026-09-02T09:33:20Z	2026-09-02T09:34:45Z	85	85	https://github.com/SebastienElet/dotfiles/actions/runs/33614741498/job/100197863368
291	261b2fb15f27ab6454f70721f2d70c92350671a8	pull_request	Agent Memory tests	33614741446	1	1	100197861932	agent-memory (ubuntu-latest)	ubuntu-latest	1000009377	success	2026-09-02T09:33:20Z	2026-09-02T09:34:36Z	76	76	https://github.com/SebastienElet/dotfiles/actions/runs/33614741446/job/100197861932
291	261b2fb15f27ab6454f70721f2d70c92350671a8	pull_request	Agent Memory tests	33614741446	1	1	100197862242	agent-memory (macos-latest)	macos-latest	1000009384	success	2026-09-02T09:33:31Z	2026-09-02T09:35:02Z	91	91	https://github.com/SebastienElet/dotfiles/actions/runs/33614741446/job/100197862242
291	261b2fb15f27ab6454f70721f2d70c92350671a8	pull_request	Smoke tests	33614741420	1	1	100197863145	Minimal macOS profile	macos-latest	1000009385	success	2026-09-02T09:33:52Z	2026-09-02T09:38:58Z	306	306	https://github.com/SebastienElet/dotfiles/actions/runs/33614741420/job/100197863145
291	261b2fb15f27ab6454f70721f2d70c92350671a8	push	Lint	33614733570	1	1	100197836074	Text configuration	ubuntu-latest	1000009373	success	2026-09-02T09:33:15Z	2026-09-02T09:33:30Z	15	15	https://github.com/SebastienElet/dotfiles/actions/runs/33614733570/job/100197836074
291	261b2fb15f27ab6454f70721f2d70c92350671a8	push	Lint	33614733570	1	1	100197836166	Lua	macos-latest	1000009370	success	2026-09-02T09:33:15Z	2026-09-02T09:33:27Z	12	12	https://github.com/SebastienElet/dotfiles/actions/runs/33614733570/job/100197836166
291	261b2fb15f27ab6454f70721f2d70c92350671a8	push	Lint	33614733570	1	1	100197836238	Shell scripts	macos-latest	1000009371	success	2026-09-02T09:33:16Z	2026-09-02T09:33:44Z	28	28	https://github.com/SebastienElet/dotfiles/actions/runs/33614733570/job/100197836238
291	261b2fb15f27ab6454f70721f2d70c92350671a8	push	Fish tests	33614733514	1	1	100197836125	Fish tests (ubuntu-latest)	ubuntu-latest	1000009374	success	2026-09-02T09:33:15Z	2026-09-02T09:34:09Z	54	54	https://github.com/SebastienElet/dotfiles/actions/runs/33614733514/job/100197836125
291	261b2fb15f27ab6454f70721f2d70c92350671a8	push	Fish tests	33614733514	1	1	100197836398	Fish tests (macos-latest)	macos-latest	1000009372	success	2026-09-02T09:33:15Z	2026-09-02T09:33:54Z	39	39	https://github.com/SebastienElet/dotfiles/actions/runs/33614733514/job/100197836398
291	261b2fb15f27ab6454f70721f2d70c92350671a8	push	TypeScript	33614733471	1	1	100197835566	Bun tests	ubuntu-latest	1000009369	success	2026-09-02T09:33:15Z	2026-09-02T09:34:44Z	89	89	https://github.com/SebastienElet/dotfiles/actions/runs/33614733471/job/100197835566
326	b0d7a76f695ba1570539f5f96b244515ef14e010	pull_request	Shell gates	34495275576	1	1	102932016943	Shell scripts	macos-latest	1000012024	success	2026-09-10T15:24:59Z	2026-09-10T15:26:13Z	74	74	https://github.com/SebastienElet/dotfiles/actions/runs/34495275576/job/102932016943
326	b0d7a76f695ba1570539f5f96b244515ef14e010	pull_request	Deployment tests	34495275609	1	1	102932017234	Deployment (macos-latest)	macos-latest	1000012025	success	2026-09-10T15:25:21Z	2026-09-10T15:26:45Z	84	84	https://github.com/SebastienElet/dotfiles/actions/runs/34495275609/job/102932017234
326	b0d7a76f695ba1570539f5f96b244515ef14e010	pull_request	Deployment tests	34495275609	1	1	102932017620	Deployment (ubuntu-latest)	ubuntu-latest	1000012017	success	2026-09-10T15:23:07Z	2026-09-10T15:24:08Z	61	61	https://github.com/SebastienElet/dotfiles/actions/runs/34495275609/job/102932017620
326	b0d7a76f695ba1570539f5f96b244515ef14e010	pull_request	TypeScript	34495275616	1	1	102932017262	Bun tests	ubuntu-latest	1000012012	success	2026-09-10T15:23:07Z	2026-09-10T15:27:23Z	256	256	https://github.com/SebastienElet/dotfiles/actions/runs/34495275616/job/102932017262
326	b0d7a76f695ba1570539f5f96b244515ef14e010	pull_request	Static gates	34495275534	1	1	102932016979	Static gates	ubuntu-latest	1000012009	success	2026-09-10T15:23:06Z	2026-09-10T15:23:37Z	31	31	https://github.com/SebastienElet/dotfiles/actions/runs/34495275534/job/102932016979
326	b0d7a76f695ba1570539f5f96b244515ef14e010	pull_request	Text gates	34495275608	1	1	102932016868	Text configuration	ubuntu-latest	1000012011	success	2026-09-10T15:23:07Z	2026-09-10T15:23:45Z	38	38	https://github.com/SebastienElet/dotfiles/actions/runs/34495275608/job/102932016868
326	b0d7a76f695ba1570539f5f96b244515ef14e010	pull_request	Arnes tests	34495275591	1	1	102932017276	arnes	ubuntu-latest	1000012015	success	2026-09-10T15:23:08Z	2026-09-10T15:23:26Z	18	18	https://github.com/SebastienElet/dotfiles/actions/runs/34495275591/job/102932017276
326	b0d7a76f695ba1570539f5f96b244515ef14e010	pull_request	Lua lint	34495275689	1	1	102932017569	Lua	macos-latest	1000012019	success	2026-09-10T15:23:48Z	2026-09-10T15:24:18Z	30	30	https://github.com/SebastienElet/dotfiles/actions/runs/34495275689/job/102932017569
326	b0d7a76f695ba1570539f5f96b244515ef14e010	pull_request	Fish tests	34495275783	1	1	102932017397	Fish tests (macos-latest)	macos-latest	1000012021	success	2026-09-10T15:24:22Z	2026-09-10T15:24:52Z	30	30	https://github.com/SebastienElet/dotfiles/actions/runs/34495275783/job/102932017397
326	b0d7a76f695ba1570539f5f96b244515ef14e010	pull_request	Fish tests	34495275783	1	1	102932017763	Fish tests (ubuntu-latest)	ubuntu-latest	1000012016	success	2026-09-10T15:23:07Z	2026-09-10T15:23:37Z	30	30	https://github.com/SebastienElet/dotfiles/actions/runs/34495275783/job/102932017763
326	b0d7a76f695ba1570539f5f96b244515ef14e010	pull_request	Agent Memory tests	34495275678	1	1	102932017339	agent-memory (macos-latest)	macos-latest	1000012023	success	2026-09-10T15:24:47Z	2026-09-10T15:25:08Z	21	21	https://github.com/SebastienElet/dotfiles/actions/runs/34495275678/job/102932017339
326	b0d7a76f695ba1570539f5f96b244515ef14e010	pull_request	Agent Memory tests	34495275678	1	1	102932017761	agent-memory (ubuntu-latest)	ubuntu-latest	1000012010	success	2026-09-10T15:23:07Z	2026-09-10T15:23:22Z	15	15	https://github.com/SebastienElet/dotfiles/actions/runs/34495275678/job/102932017761
326	b0d7a76f695ba1570539f5f96b244515ef14e010	pull_request	Harness check	34495275621	1	1	102932017260	harness	ubuntu-latest	1000012013	success	2026-09-10T15:23:06Z	2026-09-10T15:25:11Z	125	125	https://github.com/SebastienElet/dotfiles/actions/runs/34495275621/job/102932017260
326	b0d7a76f695ba1570539f5f96b244515ef14e010	pull_request	Smoke tests	34495275671	1	1	102932017239	Minimal macOS profile	macos-latest	1000012026	success	2026-09-10T15:25:17Z	2026-09-10T15:29:53Z	276	276	https://github.com/SebastienElet/dotfiles/actions/runs/34495275671/job/102932017239
326	b0d7a76f695ba1570539f5f96b244515ef14e010	pull_request	Agent Handoff tests	34495275626	1	1	102932017162	agent-handoff (macos-latest)	macos-latest	1000012029	success	2026-09-10T15:29:27Z	2026-09-10T15:29:48Z	21	21	https://github.com/SebastienElet/dotfiles/actions/runs/34495275626/job/102932017162
326	b0d7a76f695ba1570539f5f96b244515ef14e010	pull_request	Agent Handoff tests	34495275626	1	1	102932017415	agent-handoff (ubuntu-latest)	ubuntu-latest	1000012014	success	2026-09-10T15:23:07Z	2026-09-10T15:23:26Z	19	19	https://github.com/SebastienElet/dotfiles/actions/runs/34495275626/job/102932017415
326	b0d7a76f695ba1570539f5f96b244515ef14e010	pull_request	Code search tests	34495275634	1	1	102932017473	code-search	macos-latest	1000012027	success	2026-09-10T15:26:28Z	2026-09-10T15:31:24Z	296	296	https://github.com/SebastienElet/dotfiles/actions/runs/34495275634/job/102932017473
326	b0d7a76f695ba1570539f5f96b244515ef14e010	push	Code search tests	34495271976	1	1	102932005223	code-search	macos-latest	0	cancelled	2026-09-10T15:23:02Z	2026-09-10T15:38:48Z	946	0	https://github.com/SebastienElet/dotfiles/actions/runs/34495271976/job/102932005223
326	b0d7a76f695ba1570539f5f96b244515ef14e010	push	Fish tests	34495271804	1	1	102932004293	Fish tests (macos-latest)	macos-latest	1000012002	success	2026-09-10T15:23:13Z	2026-09-10T15:23:45Z	32	32	https://github.com/SebastienElet/dotfiles/actions/runs/34495271804/job/102932004293
326	b0d7a76f695ba1570539f5f96b244515ef14e010	push	Fish tests	34495271804	1	1	102932004608	Fish tests (ubuntu-latest)	ubuntu-latest	1000012005	success	2026-09-10T15:23:04Z	2026-09-10T15:23:34Z	30	30	https://github.com/SebastienElet/dotfiles/actions/runs/34495271804/job/102932004608
326	b0d7a76f695ba1570539f5f96b244515ef14e010	push	Lua lint	34495271814	1	1	102932004070	Lua	macos-latest	1000012003	success	2026-09-10T15:23:10Z	2026-09-10T15:23:34Z	24	24	https://github.com/SebastienElet/dotfiles/actions/runs/34495271814/job/102932004070
326	b0d7a76f695ba1570539f5f96b244515ef14e010	push	Text gates	34495271837	1	1	102932004252	Text configuration	ubuntu-latest	1000012008	success	2026-09-10T15:23:05Z	2026-09-10T15:23:33Z	28	28	https://github.com/SebastienElet/dotfiles/actions/runs/34495271837/job/102932004252
326	b0d7a76f695ba1570539f5f96b244515ef14e010	push	Deployment tests	34495271785	1	1	102932004026	Deployment (macos-latest)	macos-latest	1000012018	success	2026-09-10T15:23:27Z	2026-09-10T15:24:11Z	44	44	https://github.com/SebastienElet/dotfiles/actions/runs/34495271785/job/102932004026
326	b0d7a76f695ba1570539f5f96b244515ef14e010	push	Deployment tests	34495271785	1	1	102932004302	Deployment (ubuntu-latest)	ubuntu-latest	1000012007	success	2026-09-10T15:23:05Z	2026-09-10T15:24:03Z	58	58	https://github.com/SebastienElet/dotfiles/actions/runs/34495271785/job/102932004302
326	b0d7a76f695ba1570539f5f96b244515ef14e010	push	Shell gates	34495271839	1	1	102932004145	Shell scripts	macos-latest	1000012004	success	2026-09-10T15:23:10Z	2026-09-10T15:25:09Z	119	119	https://github.com/SebastienElet/dotfiles/actions/runs/34495271839/job/102932004145
326	b0d7a76f695ba1570539f5f96b244515ef14e010	push	TypeScript	34495271817	1	1	102932004426	Bun tests	ubuntu-latest	1000012006	success	2026-09-10T15:23:05Z	2026-09-10T15:29:19Z	374	374	https://github.com/SebastienElet/dotfiles/actions/runs/34495271817/job/102932004426
334	f1cacde25b435084d10cb25d3e53162fcb15561a	pull_request	TypeScript	34985197599	1	1	104435395359	Bun tests	ubuntu-latest	1000012339	success	2026-09-15T14:57:58Z	2026-09-15T15:03:32Z	334	334	https://github.com/SebastienElet/dotfiles/actions/runs/34985197599/job/104435395359
334	f1cacde25b435084d10cb25d3e53162fcb15561a	pull_request	Deployment tests	34985197591	1	1	104435395902	Deployment (ubuntu-latest)	ubuntu-latest	1000012345	success	2026-09-15T14:58:20Z	2026-09-15T15:00:29Z	129	129	https://github.com/SebastienElet/dotfiles/actions/runs/34985197591/job/104435395902
334	f1cacde25b435084d10cb25d3e53162fcb15561a	pull_request	Deployment tests	34985197591	1	1	104435396280	Deployment (macos-latest)	macos-latest	1000012356	success	2026-09-15T15:00:52Z	2026-09-15T15:04:51Z	239	239	https://github.com/SebastienElet/dotfiles/actions/runs/34985197591/job/104435396280
334	f1cacde25b435084d10cb25d3e53162fcb15561a	pull_request	Code search tests	34985197563	1	1	104435395556	code-search	macos-latest	1000012358	success	2026-09-15T15:01:12Z	2026-09-15T15:05:33Z	261	261	https://github.com/SebastienElet/dotfiles/actions/runs/34985197563/job/104435395556
334	f1cacde25b435084d10cb25d3e53162fcb15561a	pull_request	Fish tests	34985197546	1	1	104435395582	Fish tests (macos-latest)	macos-latest	1000012369	success	2026-09-15T15:04:42Z	2026-09-15T15:05:24Z	42	42	https://github.com/SebastienElet/dotfiles/actions/runs/34985197546/job/104435395582
334	f1cacde25b435084d10cb25d3e53162fcb15561a	pull_request	Fish tests	34985197546	1	1	104435395984	Fish tests (ubuntu-latest)	ubuntu-latest	1000012341	success	2026-09-15T14:57:59Z	2026-09-15T14:58:27Z	28	28	https://github.com/SebastienElet/dotfiles/actions/runs/34985197546/job/104435395984
334	f1cacde25b435084d10cb25d3e53162fcb15561a	pull_request	Lua lint	34985197696	1	1	104435395986	wezterm-lint (macos-latest)	macos-latest	1000012368	success	2026-09-15T15:04:01Z	2026-09-15T15:04:32Z	31	31	https://github.com/SebastienElet/dotfiles/actions/runs/34985197696/job/104435395986
334	f1cacde25b435084d10cb25d3e53162fcb15561a	pull_request	Lua lint	34985197696	1	1	104435396360	neovim-lint (ubuntu-latest)	ubuntu-latest	1000012347	success	2026-09-15T14:58:37Z	2026-09-15T14:59:06Z	29	29	https://github.com/SebastienElet/dotfiles/actions/runs/34985197696/job/104435396360
334	f1cacde25b435084d10cb25d3e53162fcb15561a	pull_request	Lua lint	34985197696	1	1	104435396373	wezterm-lint (ubuntu-latest)	ubuntu-latest	1000012344	success	2026-09-15T14:58:14Z	2026-09-15T14:58:37Z	23	23	https://github.com/SebastienElet/dotfiles/actions/runs/34985197696/job/104435396373
334	f1cacde25b435084d10cb25d3e53162fcb15561a	pull_request	Lua lint	34985197696	1	1	104435396422	neovim-lint (macos-latest)	macos-latest	1000012370	success	2026-09-15T15:05:01Z	2026-09-15T15:05:28Z	27	27	https://github.com/SebastienElet/dotfiles/actions/runs/34985197696/job/104435396422
334	f1cacde25b435084d10cb25d3e53162fcb15561a	pull_request	Smoke tests	34985197575	1	1	104435395550	Minimal macOS profile	macos-latest	1000012357	success	2026-09-15T15:01:00Z	2026-09-15T15:06:12Z	312	312	https://github.com/SebastienElet/dotfiles/actions/runs/34985197575/job/104435395550
334	f1cacde25b435084d10cb25d3e53162fcb15561a	pull_request	Text gates	34985197614	1	1	104435395905	Text configuration	ubuntu-latest	1000012348	success	2026-09-15T14:58:29Z	2026-09-15T14:59:00Z	31	31	https://github.com/SebastienElet/dotfiles/actions/runs/34985197614/job/104435395905
334	f1cacde25b435084d10cb25d3e53162fcb15561a	pull_request	Static gates	34985197644	1	1	104435395788	Static gates	ubuntu-latest	1000012338	success	2026-09-15T14:57:59Z	2026-09-15T14:58:21Z	22	22	https://github.com/SebastienElet/dotfiles/actions/runs/34985197644/job/104435395788
334	f1cacde25b435084d10cb25d3e53162fcb15561a	pull_request	Arnes tests	34985197710	1	1	104435396122	arnes	ubuntu-latest	1000012342	success	2026-09-15T14:57:59Z	2026-09-15T14:58:17Z	18	18	https://github.com/SebastienElet/dotfiles/actions/runs/34985197710/job/104435396122
334	f1cacde25b435084d10cb25d3e53162fcb15561a	pull_request	Harness check	34985197615	1	1	104435395845	harness	ubuntu-latest	1000012340	success	2026-09-15T14:57:59Z	2026-09-15T15:00:09Z	130	130	https://github.com/SebastienElet/dotfiles/actions/runs/34985197615/job/104435395845
334	f1cacde25b435084d10cb25d3e53162fcb15561a	pull_request	Shell gates	34985197669	1	1	104435395942	Shell scripts	macos-latest	1000012351	success	2026-09-15T14:59:47Z	2026-09-15T15:00:31Z	44	44	https://github.com/SebastienElet/dotfiles/actions/runs/34985197669/job/104435395942
334	f1cacde25b435084d10cb25d3e53162fcb15561a	pull_request	Agent Memory tests	34985197617	1	1	104435396100	agent-memory (macos-latest)	macos-latest	1000012354	success	2026-09-15T15:00:29Z	2026-09-15T15:00:51Z	22	22	https://github.com/SebastienElet/dotfiles/actions/runs/34985197617/job/104435396100
334	f1cacde25b435084d10cb25d3e53162fcb15561a	pull_request	Agent Memory tests	34985197617	1	1	104435396359	agent-memory (ubuntu-latest)	ubuntu-latest	1000012346	success	2026-09-15T14:58:23Z	2026-09-15T14:58:37Z	14	14	https://github.com/SebastienElet/dotfiles/actions/runs/34985197617/job/104435396359
334	f1cacde25b435084d10cb25d3e53162fcb15561a	pull_request	Agent Handoff tests	34985197595	1	1	104435395376	agent-handoff (macos-latest)	macos-latest	1000012355	success	2026-09-15T15:00:39Z	2026-09-15T15:01:02Z	23	23	https://github.com/SebastienElet/dotfiles/actions/runs/34985197595/job/104435395376
334	f1cacde25b435084d10cb25d3e53162fcb15561a	pull_request	Agent Handoff tests	34985197595	1	1	104435395533	agent-handoff (ubuntu-latest)	ubuntu-latest	1000012337	success	2026-09-15T14:57:58Z	2026-09-15T14:58:12Z	14	14	https://github.com/SebastienElet/dotfiles/actions/runs/34985197595/job/104435395533
334	f1cacde25b435084d10cb25d3e53162fcb15561a	push	TypeScript	34985192246	1	1	104435377571	Bun tests	ubuntu-latest	1000012333	success	2026-09-15T14:57:55Z	2026-09-15T15:03:39Z	344	344	https://github.com/SebastienElet/dotfiles/actions/runs/34985192246/job/104435377571
334	f1cacde25b435084d10cb25d3e53162fcb15561a	push	Code search tests	34985192234	1	1	104435377382	code-search	macos-latest	1000012349	success	2026-09-15T14:59:14Z	2026-09-15T15:03:51Z	277	277	https://github.com/SebastienElet/dotfiles/actions/runs/34985192234/job/104435377382
334	f1cacde25b435084d10cb25d3e53162fcb15561a	push	Deployment tests	34985192241	1	1	104435377439	Deployment (macos-latest)	macos-latest	1000012350	success	2026-09-15T14:59:34Z	2026-09-15T15:04:55Z	321	321	https://github.com/SebastienElet/dotfiles/actions/runs/34985192241/job/104435377439
334	f1cacde25b435084d10cb25d3e53162fcb15561a	push	Deployment tests	34985192241	1	1	104435377678	Deployment (ubuntu-latest)	ubuntu-latest	1000012334	success	2026-09-15T14:57:56Z	2026-09-15T15:00:42Z	166	166	https://github.com/SebastienElet/dotfiles/actions/runs/34985192241/job/104435377678
334	f1cacde25b435084d10cb25d3e53162fcb15561a	push	Text gates	34985192104	1	1	104435377308	Text configuration	ubuntu-latest	1000012336	success	2026-09-15T14:57:55Z	2026-09-15T14:58:31Z	36	36	https://github.com/SebastienElet/dotfiles/actions/runs/34985192104/job/104435377308
334	f1cacde25b435084d10cb25d3e53162fcb15561a	push	Fish tests	34985192153	1	1	104435377449	Fish tests (macos-latest)	macos-latest	1000012352	success	2026-09-15T14:59:49Z	2026-09-15T15:00:22Z	33	33	https://github.com/SebastienElet/dotfiles/actions/runs/34985192153/job/104435377449
334	f1cacde25b435084d10cb25d3e53162fcb15561a	push	Fish tests	34985192153	1	1	104435377670	Fish tests (ubuntu-latest)	ubuntu-latest	1000012335	success	2026-09-15T14:57:55Z	2026-09-15T14:58:22Z	27	27	https://github.com/SebastienElet/dotfiles/actions/runs/34985192153/job/104435377670
334	f1cacde25b435084d10cb25d3e53162fcb15561a	push	Shell gates	34985192133	1	1	104435380046	Shell scripts	macos-latest	1000012353	success	2026-09-15T14:59:57Z	2026-09-15T15:00:43Z	46	46	https://github.com/SebastienElet/dotfiles/actions/runs/34985192133/job/104435380046
335	d30a1377aae86383c9d3b704aee6f971f48359fd	pull_request	Harness check	34988422829	1	1	104446437541	harness	ubuntu-latest	1000012448	success	2026-09-15T15:26:12Z	2026-09-15T15:28:13Z	121	121	https://github.com/SebastienElet/dotfiles/actions/runs/34988422829/job/104446437541
335	d30a1377aae86383c9d3b704aee6f971f48359fd	pull_request	Shell gates	34988423038	1	1	104446438553	Shell scripts	macos-latest	1000012461	success	2026-09-15T15:28:56Z	2026-09-15T15:29:23Z	27	27	https://github.com/SebastienElet/dotfiles/actions/runs/34988423038/job/104446438553
335	d30a1377aae86383c9d3b704aee6f971f48359fd	pull_request	TypeScript	34988422853	1	1	104446437267	Bun tests	ubuntu-latest	1000012452	success	2026-09-15T15:26:13Z	2026-09-15T15:29:50Z	217	217	https://github.com/SebastienElet/dotfiles/actions/runs/34988422853/job/104446437267
335	d30a1377aae86383c9d3b704aee6f971f48359fd	pull_request	Agent Memory tests	34988423016	1	1	104446438033	agent-memory (ubuntu-latest)	ubuntu-latest	1000012450	success	2026-09-15T15:26:12Z	2026-09-15T15:28:29Z	137	137	https://github.com/SebastienElet/dotfiles/actions/runs/34988423016/job/104446438033
335	d30a1377aae86383c9d3b704aee6f971f48359fd	pull_request	Agent Memory tests	34988423016	1	1	104446438383	agent-memory (macos-latest)	macos-latest	1000012458	success	2026-09-15T15:26:39Z	2026-09-15T15:31:05Z	266	266	https://github.com/SebastienElet/dotfiles/actions/runs/34988423016/job/104446438383
335	d30a1377aae86383c9d3b704aee6f971f48359fd	pull_request	Agent Handoff tests	34988422769	1	1	104446437109	agent-handoff (macos-latest)	macos-latest	1000012465	success	2026-09-15T15:30:33Z	2026-09-15T15:32:04Z	91	91	https://github.com/SebastienElet/dotfiles/actions/runs/34988422769/job/104446437109
335	d30a1377aae86383c9d3b704aee6f971f48359fd	pull_request	Agent Handoff tests	34988422769	1	1	104446437423	agent-handoff (ubuntu-latest)	ubuntu-latest	1000012451	success	2026-09-15T15:26:13Z	2026-09-15T15:27:00Z	47	47	https://github.com/SebastienElet/dotfiles/actions/runs/34988422769/job/104446437423
335	d30a1377aae86383c9d3b704aee6f971f48359fd	pull_request	Fish tests	34988422985	1	1	104446440811	Fish tests (macos-latest)	macos-latest	1000012468	success	2026-09-15T15:31:28Z	2026-09-15T15:32:09Z	41	41	https://github.com/SebastienElet/dotfiles/actions/runs/34988422985/job/104446440811
335	d30a1377aae86383c9d3b704aee6f971f48359fd	pull_request	Fish tests	34988422985	1	1	104446441222	Fish tests (ubuntu-latest)	ubuntu-latest	1000012456	success	2026-09-15T15:26:13Z	2026-09-15T15:26:46Z	33	33	https://github.com/SebastienElet/dotfiles/actions/runs/34988422985/job/104446441222
335	d30a1377aae86383c9d3b704aee6f971f48359fd	pull_request	Lua lint	34988422862	1	1	104446437622	neovim-lint (macos-latest)	macos-latest	1000012466	success	2026-09-15T15:30:54Z	2026-09-15T15:31:19Z	25	25	https://github.com/SebastienElet/dotfiles/actions/runs/34988422862/job/104446437622
335	d30a1377aae86383c9d3b704aee6f971f48359fd	pull_request	Lua lint	34988422862	1	1	104446437731	wezterm-lint (ubuntu-latest)	ubuntu-latest	1000012454	success	2026-09-15T15:26:12Z	2026-09-15T15:26:27Z	15	15	https://github.com/SebastienElet/dotfiles/actions/runs/34988422862/job/104446437731
335	d30a1377aae86383c9d3b704aee6f971f48359fd	pull_request	Lua lint	34988422862	1	1	104446437901	neovim-lint (ubuntu-latest)	ubuntu-latest	1000012455	success	2026-09-15T15:26:13Z	2026-09-15T15:26:32Z	19	19	https://github.com/SebastienElet/dotfiles/actions/runs/34988422862/job/104446437901
335	d30a1377aae86383c9d3b704aee6f971f48359fd	pull_request	Lua lint	34988422862	1	1	104446437971	wezterm-lint (macos-latest)	macos-latest	1000012467	success	2026-09-15T15:31:15Z	2026-09-15T15:31:38Z	23	23	https://github.com/SebastienElet/dotfiles/actions/runs/34988422862/job/104446437971
335	d30a1377aae86383c9d3b704aee6f971f48359fd	pull_request	Deployment tests	34988422767	1	1	104446441121	Deployment (macos-latest)	macos-latest	1000012469	success	2026-09-15T15:31:44Z	2026-09-15T15:32:49Z	65	65	https://github.com/SebastienElet/dotfiles/actions/runs/34988422767/job/104446441121
335	d30a1377aae86383c9d3b704aee6f971f48359fd	pull_request	Deployment tests	34988422767	1	1	104446441185	Deployment (ubuntu-latest)	ubuntu-latest	1000012457	success	2026-09-15T15:26:25Z	2026-09-15T15:27:31Z	66	66	https://github.com/SebastienElet/dotfiles/actions/runs/34988422767/job/104446441185
335	d30a1377aae86383c9d3b704aee6f971f48359fd	pull_request	Smoke tests	34988422839	1	1	104446437526	Minimal macOS profile	macos-latest	1000012460	success	2026-09-15T15:28:17Z	2026-09-15T15:33:10Z	293	293	https://github.com/SebastienElet/dotfiles/actions/runs/34988422839/job/104446437526
335	d30a1377aae86383c9d3b704aee6f971f48359fd	pull_request	Code search tests	34988422929	1	1	104446447728	code-search	macos-latest	1000012462	success	2026-09-15T15:29:31Z	2026-09-15T15:33:16Z	225	225	https://github.com/SebastienElet/dotfiles/actions/runs/34988422929/job/104446447728
335	d30a1377aae86383c9d3b704aee6f971f48359fd	pull_request	Arnes tests	34988422923	1	1	104446437865	arnes	ubuntu-latest	1000012447	success	2026-09-15T15:26:13Z	2026-09-15T15:26:29Z	16	16	https://github.com/SebastienElet/dotfiles/actions/runs/34988422923/job/104446437865
335	d30a1377aae86383c9d3b704aee6f971f48359fd	pull_request	Static gates	34988422694	1	1	104446436895	Static gates	ubuntu-latest	1000012453	success	2026-09-15T15:26:14Z	2026-09-15T15:26:33Z	19	19	https://github.com/SebastienElet/dotfiles/actions/runs/34988422694/job/104446436895
335	d30a1377aae86383c9d3b704aee6f971f48359fd	pull_request	Text gates	34988422982	1	1	104446438199	Text configuration	ubuntu-latest	1000012449	success	2026-09-15T15:26:12Z	2026-09-15T15:26:31Z	19	19	https://github.com/SebastienElet/dotfiles/actions/runs/34988422982/job/104446438199
335	d30a1377aae86383c9d3b704aee6f971f48359fd	push	Fish tests	34988416419	1	1	104446416842	Fish tests (macos-latest)	macos-latest	1000012459	success	2026-09-15T15:27:02Z	2026-09-15T15:28:08Z	66	66	https://github.com/SebastienElet/dotfiles/actions/runs/34988416419/job/104446416842
335	d30a1377aae86383c9d3b704aee6f971f48359fd	push	Fish tests	34988416419	1	1	104446417098	Fish tests (ubuntu-latest)	ubuntu-latest	1000012446	success	2026-09-15T15:26:09Z	2026-09-15T15:26:42Z	33	33	https://github.com/SebastienElet/dotfiles/actions/runs/34988416419/job/104446417098
335	d30a1377aae86383c9d3b704aee6f971f48359fd	push	Shell gates	34988416256	1	1	104446415543	Shell scripts	macos-latest	1000012464	success	2026-09-15T15:30:08Z	2026-09-15T15:30:44Z	36	36	https://github.com/SebastienElet/dotfiles/actions/runs/34988416256/job/104446415543
335	d30a1377aae86383c9d3b704aee6f971f48359fd	push	Text gates	34988416298	1	1	104446415688	Text configuration	ubuntu-latest	1000012445	success	2026-09-15T15:26:09Z	2026-09-15T15:26:33Z	24	24	https://github.com/SebastienElet/dotfiles/actions/runs/34988416298/job/104446415688
336	f3dbe994232f0f78f04e1a5c69525b1d30c10cb8	pull_request	Fish tests	35068346691	1	1	104703721760	Fish tests (ubuntu-latest)	ubuntu-latest	1000012512	success	2026-09-16T07:24:19Z	2026-09-16T07:24:55Z	36	36	https://github.com/SebastienElet/dotfiles/actions/runs/35068346691/job/104703721760
336	f3dbe994232f0f78f04e1a5c69525b1d30c10cb8	pull_request	Fish tests	35068346691	1	1	104703722041	Fish tests (macos-latest)	macos-latest	1000012535	success	2026-09-16T07:25:38Z	2026-09-16T07:26:20Z	42	42	https://github.com/SebastienElet/dotfiles/actions/runs/35068346691/job/104703722041
336	f3dbe994232f0f78f04e1a5c69525b1d30c10cb8	pull_request	Agent Memory tests	35068346714	1	1	104703721188	agent-memory (macos-latest)	macos-latest	1000012538	success	2026-09-16T07:26:00Z	2026-09-16T07:26:17Z	17	17	https://github.com/SebastienElet/dotfiles/actions/runs/35068346714/job/104703721188
336	f3dbe994232f0f78f04e1a5c69525b1d30c10cb8	pull_request	Agent Memory tests	35068346714	1	1	104703721422	agent-memory (ubuntu-latest)	ubuntu-latest	1000012510	success	2026-09-16T07:24:18Z	2026-09-16T07:24:32Z	14	14	https://github.com/SebastienElet/dotfiles/actions/runs/35068346714/job/104703721422
336	f3dbe994232f0f78f04e1a5c69525b1d30c10cb8	pull_request	Smoke tests	35068346707	1	1	104703721345	Minimal macOS profile	macos-latest	1000012543	success	2026-09-16T07:26:57Z	2026-09-16T07:31:25Z	268	268	https://github.com/SebastienElet/dotfiles/actions/runs/35068346707/job/104703721345
336	f3dbe994232f0f78f04e1a5c69525b1d30c10cb8	pull_request	Deployment tests	35068346688	1	1	104703721249	Deployment (ubuntu-latest)	ubuntu-latest	1000012511	success	2026-09-16T07:24:18Z	2026-09-16T07:25:24Z	66	66	https://github.com/SebastienElet/dotfiles/actions/runs/35068346688/job/104703721249
336	f3dbe994232f0f78f04e1a5c69525b1d30c10cb8	pull_request	Deployment tests	35068346688	1	1	104703721523	Deployment (macos-latest)	macos-latest	1000012533	success	2026-09-16T07:25:26Z	2026-09-16T07:27:13Z	107	107	https://github.com/SebastienElet/dotfiles/actions/runs/35068346688/job/104703721523
336	f3dbe994232f0f78f04e1a5c69525b1d30c10cb8	pull_request	Lua lint	35068346722	1	1	104703721223	wezterm-lint (macos-latest)	macos-latest	1000012539	success	2026-09-16T07:26:10Z	2026-09-16T07:26:33Z	23	23	https://github.com/SebastienElet/dotfiles/actions/runs/35068346722/job/104703721223
336	f3dbe994232f0f78f04e1a5c69525b1d30c10cb8	pull_request	Lua lint	35068346722	1	1	104703721374	wezterm-lint (ubuntu-latest)	ubuntu-latest	1000012513	success	2026-09-16T07:24:18Z	2026-09-16T07:24:31Z	13	13	https://github.com/SebastienElet/dotfiles/actions/runs/35068346722/job/104703721374
336	f3dbe994232f0f78f04e1a5c69525b1d30c10cb8	pull_request	Lua lint	35068346722	1	1	104703721410	neovim-lint (macos-latest)	macos-latest	1000012541	success	2026-09-16T07:26:29Z	2026-09-16T07:26:53Z	24	24	https://github.com/SebastienElet/dotfiles/actions/runs/35068346722/job/104703721410
336	f3dbe994232f0f78f04e1a5c69525b1d30c10cb8	pull_request	Lua lint	35068346722	1	1	104703721457	neovim-lint (ubuntu-latest)	ubuntu-latest	1000012516	success	2026-09-16T07:24:36Z	2026-09-16T07:24:54Z	18	18	https://github.com/SebastienElet/dotfiles/actions/runs/35068346722/job/104703721457
336	f3dbe994232f0f78f04e1a5c69525b1d30c10cb8	pull_request	Static gates	35068346664	1	1	104703721169	Static gates	ubuntu-latest	1000012509	success	2026-09-16T07:24:18Z	2026-09-16T07:24:32Z	14	14	https://github.com/SebastienElet/dotfiles/actions/runs/35068346664/job/104703721169
336	f3dbe994232f0f78f04e1a5c69525b1d30c10cb8	pull_request	Arnes tests	35068346654	1	1	104703720767	arnes	ubuntu-latest	1000012505	success	2026-09-16T07:24:23Z	2026-09-16T07:24:37Z	14	14	https://github.com/SebastienElet/dotfiles/actions/runs/35068346654/job/104703720767
336	f3dbe994232f0f78f04e1a5c69525b1d30c10cb8	pull_request	Text gates	35068346627	1	1	104703720969	Text configuration	ubuntu-latest	1000012518	success	2026-09-16T07:24:35Z	2026-09-16T07:24:55Z	20	20	https://github.com/SebastienElet/dotfiles/actions/runs/35068346627/job/104703720969
336	f3dbe994232f0f78f04e1a5c69525b1d30c10cb8	pull_request	Shell gates	35068346597	1	1	104703720826	Shell scripts	macos-latest	1000012525	success	2026-09-16T07:24:48Z	2026-09-16T07:25:20Z	32	32	https://github.com/SebastienElet/dotfiles/actions/runs/35068346597/job/104703720826
336	f3dbe994232f0f78f04e1a5c69525b1d30c10cb8	pull_request	Harness check	35068346681	1	1	104703721030	harness	ubuntu-latest	1000012506	success	2026-09-16T07:24:18Z	2026-09-16T07:26:28Z	130	130	https://github.com/SebastienElet/dotfiles/actions/runs/35068346681/job/104703721030
336	f3dbe994232f0f78f04e1a5c69525b1d30c10cb8	pull_request	TypeScript	35068346605	1	1	104703720984	Bun tests	ubuntu-latest	1000012507	success	2026-09-16T07:24:18Z	2026-09-16T07:27:08Z	170	170	https://github.com/SebastienElet/dotfiles/actions/runs/35068346605/job/104703720984
336	f3dbe994232f0f78f04e1a5c69525b1d30c10cb8	pull_request	Agent Handoff tests	35068346589	1	1	104703720978	agent-handoff (macos-latest)	macos-latest	1000012545	success	2026-09-16T07:27:20Z	2026-09-16T07:27:39Z	19	19	https://github.com/SebastienElet/dotfiles/actions/runs/35068346589/job/104703720978
336	f3dbe994232f0f78f04e1a5c69525b1d30c10cb8	pull_request	Agent Handoff tests	35068346589	1	1	104703721262	agent-handoff (ubuntu-latest)	ubuntu-latest	1000012514	success	2026-09-16T07:24:24Z	2026-09-16T07:24:39Z	15	15	https://github.com/SebastienElet/dotfiles/actions/runs/35068346589/job/104703721262
336	f3dbe994232f0f78f04e1a5c69525b1d30c10cb8	pull_request	Code search tests	35068346629	1	1	104703721065	Code search (ubuntu-latest)	ubuntu-latest	1000012508	success	2026-09-16T07:24:18Z	2026-09-16T07:24:37Z	19	19	https://github.com/SebastienElet/dotfiles/actions/runs/35068346629/job/104703721065
336	f3dbe994232f0f78f04e1a5c69525b1d30c10cb8	pull_request	Code search tests	35068346629	1	1	104703721273	Code search (macos-latest)	macos-latest	1000012519	success	2026-09-16T07:24:44Z	2026-09-16T07:25:15Z	31	31	https://github.com/SebastienElet/dotfiles/actions/runs/35068346629/job/104703721273
336	f3dbe994232f0f78f04e1a5c69525b1d30c10cb8	pull_request	Code search tests	35068346629	1	1	104703721293	colgrep	macos-latest	1000012542	success	2026-09-16T07:27:36Z	2026-09-16T07:28:22Z	46	46	https://github.com/SebastienElet/dotfiles/actions/runs/35068346629/job/104703721293
336	f3dbe994232f0f78f04e1a5c69525b1d30c10cb8	push	Fish tests	35068326141	1	1	104703654229	Fish tests (ubuntu-latest)	ubuntu-latest	1000012496	success	2026-09-16T07:24:02Z	2026-09-16T07:24:36Z	34	34	https://github.com/SebastienElet/dotfiles/actions/runs/35068326141/job/104703654229
336	f3dbe994232f0f78f04e1a5c69525b1d30c10cb8	push	Fish tests	35068326141	1	1	104703654319	Fish tests (macos-latest)	macos-latest	1000012497	success	2026-09-16T07:24:11Z	2026-09-16T07:24:55Z	44	44	https://github.com/SebastienElet/dotfiles/actions/runs/35068326141/job/104703654319
336	f3dbe994232f0f78f04e1a5c69525b1d30c10cb8	push	Text gates	35068326107	1	1	104703653923	Text configuration	ubuntu-latest	1000012494	success	2026-09-16T07:24:01Z	2026-09-16T07:24:21Z	20	20	https://github.com/SebastienElet/dotfiles/actions/runs/35068326107/job/104703653923
336	f3dbe994232f0f78f04e1a5c69525b1d30c10cb8	push	Shell gates	35068326098	1	1	104703653867	Shell scripts	macos-latest	1000012495	success	2026-09-16T07:24:06Z	2026-09-16T07:24:33Z	27	27	https://github.com/SebastienElet/dotfiles/actions/runs/35068326098/job/104703653867
338	ad79399556fbffb161df06399d59e3e6b0246361	pull_request	Fish tests	35068709698	1	1	104704891292	Fish tests (macos-latest)	macos-latest	1000012570	success	2026-09-16T07:30:47Z	2026-09-16T07:31:16Z	29	29	https://github.com/SebastienElet/dotfiles/actions/runs/35068709698/job/104704891292
338	ad79399556fbffb161df06399d59e3e6b0246361	pull_request	Fish tests	35068709698	1	1	104704891659	Fish tests (ubuntu-latest)	ubuntu-latest	1000012560	success	2026-09-16T07:28:39Z	2026-09-16T07:28:57Z	18	18	https://github.com/SebastienElet/dotfiles/actions/runs/35068709698/job/104704891659
338	ad79399556fbffb161df06399d59e3e6b0246361	pull_request	Smoke tests	35068709575	1	1	104704891129	Minimal macOS profile	macos-latest	1000012563	success	2026-09-16T07:28:47Z	2026-09-16T07:34:00Z	313	313	https://github.com/SebastienElet/dotfiles/actions/runs/35068709575/job/104704891129
338	ad79399556fbffb161df06399d59e3e6b0246361	pull_request	TypeScript	35068709675	1	1	104704891361	Bun tests	ubuntu-latest	1000012559	success	2026-09-16T07:28:38Z	2026-09-16T07:28:53Z	15	15	https://github.com/SebastienElet/dotfiles/actions/runs/35068709675/job/104704891361
338	ad79399556fbffb161df06399d59e3e6b0246361	pull_request	Static gates	35068709598	1	1	104704891010	Static gates	ubuntu-latest	1000012552	success	2026-09-16T07:28:38Z	2026-09-16T07:28:53Z	15	15	https://github.com/SebastienElet/dotfiles/actions/runs/35068709598/job/104704891010
338	ad79399556fbffb161df06399d59e3e6b0246361	pull_request	Arnes tests	35068709581	1	1	104704891125	arnes	ubuntu-latest	1000012562	success	2026-09-16T07:28:39Z	2026-09-16T07:28:55Z	16	16	https://github.com/SebastienElet/dotfiles/actions/runs/35068709581/job/104704891125
338	ad79399556fbffb161df06399d59e3e6b0246361	pull_request	Text gates	35068709495	1	1	104704890846	Text configuration	ubuntu-latest	1000012555	success	2026-09-16T07:28:42Z	2026-09-16T07:29:02Z	20	20	https://github.com/SebastienElet/dotfiles/actions/runs/35068709495/job/104704890846
338	ad79399556fbffb161df06399d59e3e6b0246361	pull_request	Agent Handoff tests	35068709660	1	1	104704891203	agent-handoff (ubuntu-latest)	ubuntu-latest	1000012561	success	2026-09-16T07:28:39Z	2026-09-16T07:28:52Z	13	13	https://github.com/SebastienElet/dotfiles/actions/runs/35068709660/job/104704891203
338	ad79399556fbffb161df06399d59e3e6b0246361	pull_request	Agent Handoff tests	35068709660	1	1	104704891590	agent-handoff (macos-latest)	macos-latest	1000012564	success	2026-09-16T07:29:01Z	2026-09-16T07:29:27Z	26	26	https://github.com/SebastienElet/dotfiles/actions/runs/35068709660/job/104704891590
338	ad79399556fbffb161df06399d59e3e6b0246361	pull_request	Shell gates	35068709498	1	1	104704890669	Shell scripts	macos-latest	1000012565	success	2026-09-16T07:29:23Z	2026-09-16T07:29:48Z	25	25	https://github.com/SebastienElet/dotfiles/actions/runs/35068709498/job/104704890669
338	ad79399556fbffb161df06399d59e3e6b0246361	pull_request	Deployment tests	35068709604	1	1	104704890934	Deployment (macos-latest)	macos-latest	1000012567	success	2026-09-16T07:29:55Z	2026-09-16T07:30:11Z	16	16	https://github.com/SebastienElet/dotfiles/actions/runs/35068709604/job/104704890934
338	ad79399556fbffb161df06399d59e3e6b0246361	pull_request	Deployment tests	35068709604	1	1	104704891165	Deployment (ubuntu-latest)	ubuntu-latest	1000012556	success	2026-09-16T07:28:39Z	2026-09-16T07:28:57Z	18	18	https://github.com/SebastienElet/dotfiles/actions/runs/35068709604/job/104704891165
338	ad79399556fbffb161df06399d59e3e6b0246361	pull_request	Agent Memory tests	35068709464	1	1	104704890719	agent-memory (ubuntu-latest)	ubuntu-latest	1000012554	success	2026-09-16T07:28:39Z	2026-09-16T07:28:58Z	19	19	https://github.com/SebastienElet/dotfiles/actions/runs/35068709464/job/104704890719
338	ad79399556fbffb161df06399d59e3e6b0246361	pull_request	Agent Memory tests	35068709464	1	1	104704891079	agent-memory (macos-latest)	macos-latest	1000012568	success	2026-09-16T07:30:13Z	2026-09-16T07:30:35Z	22	22	https://github.com/SebastienElet/dotfiles/actions/runs/35068709464/job/104704891079
338	ad79399556fbffb161df06399d59e3e6b0246361	pull_request	Code search tests	35068709620	1	1	104704891058	code-search	macos-latest	1000012569	success	2026-09-16T07:30:20Z	2026-09-16T07:30:41Z	21	21	https://github.com/SebastienElet/dotfiles/actions/runs/35068709620/job/104704891058
338	ad79399556fbffb161df06399d59e3e6b0246361	pull_request	Harness check	35068709559	1	1	104704891002	harness	ubuntu-latest	1000012553	success	2026-09-16T07:28:39Z	2026-09-16T07:30:56Z	137	137	https://github.com/SebastienElet/dotfiles/actions/runs/35068709559/job/104704891002
338	ad79399556fbffb161df06399d59e3e6b0246361	pull_request	Lua lint	35068709637	1	1	104704891325	wezterm-lint (ubuntu-latest)	ubuntu-latest	1000012557	success	2026-09-16T07:28:39Z	2026-09-16T07:28:54Z	15	15	https://github.com/SebastienElet/dotfiles/actions/runs/35068709637/job/104704891325
338	ad79399556fbffb161df06399d59e3e6b0246361	pull_request	Lua lint	35068709637	1	1	104704891592	wezterm-lint (macos-latest)	macos-latest	1000012566	success	2026-09-16T07:29:41Z	2026-09-16T07:30:03Z	22	22	https://github.com/SebastienElet/dotfiles/actions/runs/35068709637/job/104704891592
338	ad79399556fbffb161df06399d59e3e6b0246361	pull_request	Lua lint	35068709637	1	1	104704891637	neovim-lint (ubuntu-latest)	ubuntu-latest	1000012558	success	2026-09-16T07:28:39Z	2026-09-16T07:28:58Z	19	19	https://github.com/SebastienElet/dotfiles/actions/runs/35068709637/job/104704891637
338	ad79399556fbffb161df06399d59e3e6b0246361	pull_request	Lua lint	35068709637	1	1	104704891692	neovim-lint (macos-latest)	macos-latest	1000012571	success	2026-09-16T07:30:48Z	2026-09-16T07:31:10Z	22	22	https://github.com/SebastienElet/dotfiles/actions/runs/35068709637/job/104704891692
338	ad79399556fbffb161df06399d59e3e6b0246361	push	Text gates	35068670332	1	1	104704760711	Text configuration	ubuntu-latest	1000012549	success	2026-09-16T07:28:10Z	2026-09-16T07:28:30Z	20	20	https://github.com/SebastienElet/dotfiles/actions/runs/35068670332/job/104704760711
338	ad79399556fbffb161df06399d59e3e6b0246361	push	Shell gates	35068670409	1	1	104704761234	Shell scripts	macos-latest	1000012548	success	2026-09-16T07:28:15Z	2026-09-16T07:28:38Z	23	23	https://github.com/SebastienElet/dotfiles/actions/runs/35068670409/job/104704761234
338	ad79399556fbffb161df06399d59e3e6b0246361	push	Fish tests	35068670411	1	1	104704761272	Fish tests (macos-latest)	macos-latest	1000012551	success	2026-09-16T07:28:30Z	2026-09-16T07:28:52Z	22	22	https://github.com/SebastienElet/dotfiles/actions/runs/35068670411/job/104704761272
338	ad79399556fbffb161df06399d59e3e6b0246361	push	Fish tests	35068670411	1	1	104704761452	Fish tests (ubuntu-latest)	ubuntu-latest	1000012550	success	2026-09-16T07:28:10Z	2026-09-16T07:28:24Z	14	14	https://github.com/SebastienElet/dotfiles/actions/runs/35068670411/job/104704761452
